proverb_telugu,proverb_english,meaning,keywords
సత్యమేవ జయతే నానృతం,Satyameva jayate nanrtam,"Only truth triumphs, not falsehood.","Truth, Victory, Dharma"
ధర్మో రక్షతి రక్షితః,Dharmo raksati raksitah,Dharma protects those who protect it.,"Dharma, Righteousness"
శాంతిః పరమో ధర్మః,Santih paramo dharmah,Peace and patience are the highest dharma,"Peace, Patience"
న హి జ్ఞానేన సమం పవిత్రమిహ విద్యతే,Na hi jnanena samaṁ pavitramiha vidyate,Nothing in this world is as pure as knowledge,"Knowledge ,Purity"
మిత్రం యథార్థదర్శినం,Mitram yatharthadarsinam,proverb_telugu,"Friendship,Truthfulness"
"నిజం నిలుస్తుంది, అబద్ధం నిలవదు","Nijam nilustundi, abaddham nilavadu","Truth always prevails, lies cannot stand long.","Truth, Lies, Justice"
అబద్ధం చెప్పేవాడిని దేవుడు కూడా కాపాడడు,Abaddham cheppevaadini devudu kuda kaapaadadu,Even God will not protect a liar.,"Lies, Punishment, Morality"
నిజాయితీ ఉన్నవాడికి ఎవరూ శత్రువు కారరు,Nijayiti unnavaadiki evaru shatruvu kaararu,An honest person earns respect and has no real enemies.,"Honesty, Respect, Friendship"
"అబద్ధం చెప్పి ఒక రోజు గెలిచినా, నిజం చెప్పి ఎల్లప్పుడూ గెలుస్తారు","Abaddham cheppi oka roju gelichina, nijam cheppi ellappudu gelustaru","Lies may win temporarily, but truth wins forever.","Truth, Lies, Victory"
"నిజం అన్నం, అబద్ధం విషం","Nijam annam, abaddham visham","Truth is like food, lies are like poison.","Honesty, Peace, Conscience"
అబద్ధం చెప్పి వంద పుట్టలు కప్పుకోవాలి,Abaddham cheppi vanda puttalu kappukovaḷi,A lie requires hundreds of lies to cover it.,"Lies, Burden, Consequences"
"ఫలితం కోసం కాదు, కర్తవ్యం కోసం పని చెయ్యాలి.","Phalitam kosam kaadu, kartavyam kosam pani cheyyaali.","Do your duty, without expecting the result.",Duty
నిజమైన యోగి తన పనిలో సమత ఉన్నవాడు.,Nijamainaa yogi tana panilo samata unnavaadu.,A true yogi is balanced in success and failure.,Balance
"అసలైన శక్తి కోపాన్ని, ఆశను జయించడంలో ఉంది.","Asalaina shakti kopaanni, aashanu jayinchadamlō undi.",Real strength is in controlling anger and desire.,Self-control
ఆత్మను ఎవరూ నాశనం చెయ్యలేరు.,Aatmanu evaroo naashanam cheyyaleru.,The soul can never be destroyed.,Soul
భక్తితో చేసే పనిలోనే నిజమైన ఫలం ఉంటుంది.,Bhaktitō chēsē panilōnē nijamainā phalam untundi.,Work done with devotion gives true results.,Devotion
శ్రద్ధ ఉన్నవాడే జ్ఞానం పొందగలడు.,Shraddha unnavaadē jñānam pondagaladu.,Only the one with faith can gain wisdom.,Faith
శాంతంగా ఉండే మనసే నిజమైన ఆయుధం.,Shaantangā undē manasē nijamainā āyudham.,A peaceful mind is the greatest weapon.,Peace
స్వార్థం లేకుండా చేసే పనిలోనే యోగం ఉంటుంది.,Swaartham lēkunda chēsē panilōnē yogam untundi.,True yoga is in selfless action,Selflessness
జ్ఞానం ఎప్పుడూ మనిషిని పైకి తీసుకెళ్తుంది. ,jnanam eppudū manishini paiki teesukeltundi.,Knowledge always uplifts a person.,Knowledge
"అకలి రుచి ఎరుగదు, నిద్ర సుఖం ఎరుగదు.","Akali ruchi yerugadu, nidra sukham yerugadu.",We only value things when we experience the need for them,"hunger, taste, sleep, comfort, value, experience"
డబ్బే దండుగ,Dabbē daṇḍuga.,Wealth dominates over everything,money
"డబ్బు దొరికితే దోస్తీ ఎక్కువ, దొరకకపోతే శత్రువు","Dabbu dorikite dosti ekkuva, dorakakapote shatruvu.","Wealth attracts people, poverty exposes true relations.",MONEY
అతి వినయం ధూర్త లక్షణం,Ati vinayam dhurta lakshanam,Excessive obedience may indicate hidden motives,"obedience, deception, caution, behavior"
తోటలో తలుపు తవ్వక ముందే మామిడి రసం రాదు,Totalo talupu tavvaka munde mamidi rasam raadu., No reward comes without effort, Hard Work 
నూరు నోములు ఒక రంకుతో సరి,Nooru nomulu oka rankutho sari,One bad action can outweigh many good ones,"morality, actions, consequences, ethics"
మొక్కతో మట్టి వాడు వర్షం కోరదు,Mokkatō maṭṭi vāḍu varṣaṁ kōradu.,A wise person prepares and acts instead of only wishing,Wisdom
కష్ట సమయంలో తోడైన వాడు నిజమైన మిత్రుడు.,Kashta samayamlo todayina vaadu nijamainaa mitrudu,"A true friend is the one who stands by you in difficult times, not just in happiness","Friendship,loyalty"
చిన్న పామునైనా పెద్దకర్రతో కొట్టాలి,Chinna pamunaina peddakarratho kottali,Deal decisively with even small threats,"caution, threats, decisiveness, action"
విందులేని కూడు మందు,Vinduleni koodu mandu,A meal without enjoyment is like medicine,"food, enjoyment, meal, health"
మనసుంటే మార్గముంటుంది,Manasunte margamuntundi,"Where there is a will, there is a way","determination, willpower, perseverance, solutions"
మించినది చెడేనా?,Minchindi chedena?,Overdoing something may spoil it,"moderation, caution, excess"
అతి తక్కువలోనూ ధైర్యం కావాలి,Ati takkuvalonu dhairyamu kavali,"Even in little things, courage is needed","courage, effort, perseverance"
మనసుంటే మార్గముంటుంది,Manasunte margamuntundi,Determination leads to solutions,"determination, solutions, willpower, perseverance"
ఆలస్యమైతే ఆహారం పాడవుతుంది,Alasya maite aaharam paadavutundi,Delay spoils food; procrastination ruins results,"delay, procrastination, consequence"
అరిటాకుపై విందు,Aritaku pai vindu,Feast on a banana leaf; symbol of celebration,"feast, celebration, culture"
"ఆవు గోడ దాటితే, ఆవు ముద్దు","Aavu goda datite, aavu muddu","If a cow crosses the fence, it’s not yours anymore","loss, boundary, ownership"
ఆతురం ఆపదకు మూలం,Aturam apadaku moolam,Hurry is the root of danger,"haste, danger, patience"
ఇల్లు లేక కుక్క భ్రమ,Illu leka kukka bhrama,A dog without a home is always confused,"stability, belonging, confusion"
ఈగ లేని మజ్జిగ,Eega lena majjiga,"Buttermilk without flies; calm, peaceful situation","peace, calmness, simplicity"
ఉప్పు లేని కూర,Uppu leni koora,Curry without salt; life without essence,"balance, necessity, taste"
కుక్క దొర కబుర్లు,Kukka dora kaburlu,Dog’s king stories; boasting without substance,"boasting, false pride"
గిన్నె ఉన్నా పిండి లేదు,Ginne unna pindi ledu,Having a vessel but no flour; resources without essentials,"resources, essentials, irony"
గుడ్ల గూబ పగలు కాంతి తట్టదు,Gudla gooba pagalu kanthi tattadu,An owl cannot bear daylight; the unfit fail in the wrong environment,"adaptability, weakness, environment"
"గుంటలో పడితేనేమి, గోదారిలో పడితేనేమి","Guntalo paditenemi, Godarilo paditenemi","Whether in a pit or a river, drowning is the same","equality, consequences, inevitability"
చెట్టు వేరు కదలకపోతే నీడ కదలదు,Chetu veru kadalakapote needa kadaladu,"If the root doesn’t move, the shadow won’t move","cause-effect, dependency, foundation"
చెడ్డవాడు చంపినా మిగిలిపోతాడు,Cheddavadu champina migilipotadu,Evil remains even after being struck down,"evil, persistence, danger"
చింత చెట్టు కింద తుప్పు పడ్డ ఇనుము,Chinta chettu kinda tuppu padda inumu,Iron rusting under a tamarind tree; influence of environment spoils,"influence, environment, decay"
చిన్న గిన్నె పెద్ద శబ్దం,Chinna ginne pedda shabdam,Small vessel makes more noise; shallow people boast,"boasting, pride, smallness"
"జాగ్రత్త ముప్పై, తొందర ముప్పై","Jagratha muppai, tondara muppai","Care saves thirty, hurry loses thirty","caution, patience, danger"
జలపాతం కింద రాయి కదలదు,Jalapatham kinda raayi kadaladu,Stone under waterfall doesn’t move; strong stands firm,"strength, resilience, stability, rock"
నూనెపాకంలో ఈగ పడినట్లు,Noonapakamlō eega padinatlu,A fly in sweet syrup; one flaw spoils the whole,"flaw, imperfection, spoil"
అన్నపు దొరవ్యే గాని అక్షరపు దొరవరాదు,Annapu corave gani aksharapu corava ledu,"Food can be stolen, but knowledge cannot be stolen.","Food, Theft, Knowledge, Cannot be stolen"
ఆరే దీపానికి వెలుగు ఎక్కువ,Are dipaniki velugu yekkuva,Even a simple lamp can give more light than needed.,"Lamp, Light, Excess, Simplicity"
లోగుట్టు పెరుమాళ్లకు ఎరుక,Loguttu Perumallaku Eruka,Even a secret is known to Lord Venkateswara.,"Secret, God, Knowledge, Awareness"
మంచం ఉన్నంత వరకు కాళ్లు చాచుకో,Mancamunnanta varaku kallu cacuko,Stretch your legs only as far as the cot allows.,"Bed, Legs, Limit, Adjust, Control"
ముంజేటి కంకణముకు అద్దం ఎందుకు?,Munjeti kankanamuku addamu enduku?,Why does a bangle on the forearm need a mirror?,Why does a bangle on the forearm need a mirror?
నిండుకుండ తొనకదు,Nindu kunda tonakadu,A full pot does not wobble.,"Full pot, Steady, Knowledge, Humility"
"పోరు నష్టం, పొండు లాభం",Poru nastam pondu labham,"Quarrel brings loss, patience brings gain.","Quarrel, Loss, Patience, Gain"
పచ్చకామెర్లు వచ్చినవాడికి లోకం అంతా పచ్చగా కనిపించటలుగా,Paccakamerlu vaccina vadiki lokam anta paccaga kanapadinatlu,"For someone who gets unripe mangoes, the whole world seems green.","Unripe mango, Perception, World, Contentment"
"పిల్లికి సెలగటము, ఎలుకకు ప్రాణ సঙ্কటము","Pilliki celagatamu, elukaku prana sankatamu","A cat has leisure, a mouse is in danger.","Cat, Mouse, Danger, Leisure"
పిట్ట కొంచెము కూట ఘనము,Pitta koncemu kuta ghanamu,"Even small efforts, when accumulated, can yield significant results.","Bird, Small, Nest, Gathering"
పెరుగుట విరుగుట కోరకె,Peruguta viruguta korake,Everything in life changes with effort or neglect; results follow actions.,"Growth, Decay, Effort, Desire"
పిచ్చోడి చేతిలో రాయిలా,Piccodi cetilo rayila,Trying to explain or entrust something to someone incapable is pointless.,"Madman, Hand, Writing, Futility"
రామేశ్వరం వెళ్ళిన సనేశ్వరం వదలనట్లే,Rameswaram vellina saneswaram vadalanatlu,"Once someone attains a major goal, they are reluctant to leave the associated benefits or habits.","Rameswaram, Saneeshwaram, Visiting, Leaving"
"పుణ్యం కొద్ది పురుషుడు, దానం కొద్ది బిడ్డలు","Punyam koddi purusudu, danam koddi biddalu",People often pass their shortcomings or minimal virtues to their children; one’s deeds influence the next generation.,"Virtue, Man, Charity, Children"
"పూర్రెలో పుట్టిన బుద్ధి, పుడకలతోనే పోతుంది",Purrelo puttina buddhi pudakalatone potundi,Knowledge or talent that is not nurtured or applied properly is wasted.,"Intelligence, Born, Pot, Temporary"
రొట్టీ విరిగి నెయ్యిలో పడ్డట్టు,Rotti virigi netilo paddattu,"When good fortune favors someone, even actions that might normally be harmful or unlucky turn out to be beneficial.","Roti, Break, Ghee, Fortune"
రౌతు కొద్దీ గుర్రం,Rautu koddi gurramu,A worker or subordinate’s behavior depends on the competence and control of the master/manager. Poor leadership leads to disorder,"Horse, Rider, Control, Discipline"
తిగ లాగితే దొంక అంత కదిలినట్లే,Tiga lagite donka anta kadilinatlu,"A small disturbance can lead to significant effects; in investigations, a minor clue may reveal the bigger truth.","Creeper, Pull, Bush, Movement, Cause & Effect"
"తింటే గారెలు తినాలి, వింటే భారతం వినాలి","Tinte garelu tinali, vinte bharatam vinali","To enjoy the finest, one must choose the best; it highlights traditional Telugu tastes in food and literature.","Eat, Listen, Best, Dish, Epic"
వాపును చూసి బలమని అనుకున్నట్ట,Vapunu cusi balamu anukunnadata,Do not judge by appearances alone; not everything that looks strong or good externally is truly beneficial.,"Swelling, Strength, Appearances, Judgment"
తంటే గారెల బుట్టలో పడ్డట్టు,Tante garela buttalo paddattu,"Sometimes, when harm is intended, it unexpectedly results in benefit; evil actions of others may turn out advantageous.","Gare, Basket, Kick, Unexpected Benefit"
తాడి తనను వాని తల తనను వాడు ఉండును,Tadi tannu vani tala tannu vadu undunu,"Even after achieving success, one should remain humble, as there are always higher abilities or stronger people.","Palm tree, Kick, Superior, Competition, Humility"
తాటకు కప్పుల్లకు కుందెలు బెదరవు,Tataku cappullaku kundellu bedaravu,Strong or capable people are not intimidated by empty threats or trivial challenges; develop courage.,"Palm leaves, Noise, Courage, Fearlessness"
"కరవమంటే కప్పకు కోపం, విడవమంటే పాముకు కోపం","Karavamante kappaku kopam, vidavamante pamuku kopam","When two parties are in conflict, advising either to compromise may anger both; in such cases, it’s wiser to stay quiet.","Frog, Snake, Anger, Dispute, Dilemma"
కిడెంచి మేలు ఎంచమన్నరు,Kidenci melencamannaru,Always anticipate potential problems before focusing on benefits; plan carefully to avoid being caught off guard,"Harm, Good, Consideration, Caution"
"కాలం కలిసీ రాకపోతే, కర్రే పామై కాటు వేస్తుంది","Kalam kalisi raka pote, karre pamai katu vestundi",Adverse circumstances can make even ordinary matters dangerous; timing is crucial.,"Time, Unfavorable, Stick, Snake, Danger"
కలసి ఉంటే కలదు సుఖం,Kalasi vunte kaladu sukham,Joint living or cooperation brings comfort and contentment.,"Unity, Happiness, Togetherness, Comfort"
కలిమి లేములు కవడి కుందలు,Kalimi lemulu kavadi kundalu,"In life, happiness and unhappiness, wealth and poverty coexist; one must maintain balance and accept both.","Wealth, Poverty, Balance, Life, Inevitability"
గోరుచుట్టు మీద రోకళి పొట్టు,Gorucuttu mida rokali potu,"When someone is already suffering, additional misfortune can strike severely; one should be courageous and face challenges bravely.","Whitlow, Pestle, Misfortune, Severe Blow"
గుడ్డిలో మెల్ల,Guddilo mella,Even a small advantage or lesser problem is better than a greater one; perspective and optimism matter.,"Blind, Squint, Relative Advantage, Optimism"
ఎద్దు పండు కాకికి ముద్ద / ముద్దా?,Eddu pundu kakiki muddu / mudda?,"Some people take pleasure in others’ suffering. Even if one cannot help, one should at least not enjoy another’s pain.","Ox, Ulcer, Crow, Pleasure in Others’ Pain, Inhumanity"
ఇల్లు అలకగానే పండుగ?,Illu alakagane panduga?,Preparation for any event requires multiple steps; a single task alone does not complete it.,"Festival, Dung, Cleaning, Preparation, Incomplete"
"గుడిని, గుడిలో లింగాన్ని మింగేవాడు",". Gudini, gudilo linganni mingevadu","When greed becomes excessive, a person seeks everything, ignoring morality or proper means.","Temple, Lingam, Cheat, Greed, Immorality"
"గుర్రం గ్రుద్ధి అయినా, దానాలో తక్కువ లేదు","Gurramu gruddi daina, danalo takkuva ledu",Even those who may not earn much still have needs equal to others; one must learn to live within one’s means.,"Horse, Fodder, Needs, Equality, Moderation"
ముంజేటి కంకణముకు అద్దం ఎందుకు?,Munjeti kankanamuku addamu enduku?,Used to indicate that something is obvious and does not need further explanation; elaborating on the evident is unnecessary,"Forearm, Bracelet, Mirror, Obvious, Self-evident"
మొరిజే కుక్క కరావదు,Morige kukka karavadu,A loud or shouting person may not actually cause harm; empty threats should not be taken seriously.,"Dog, Bark, Bite, Threat, Harmless"
పులిని చుసి నక్క వాతం పెట్టుకున్నట్లు,Pulini cusi nakka vata bettukunnatlu,An ordinary person trying to appear great by imitating external traits of a superior person only makes a fool of themselves.,"Fox, Tiger, Branding, Imitation, Foolishness"
అబద్ధం నీళ్లలో కరుగుతుంది,Abaddham neellalo karugutundi,Lies dissolve like water,"lies, fragility, weakness"
నిజం ఆలస్యంగా వస్తుంది కానీ నిలుస్తుంది,Nijam alasyanga vastundi kaani nilustundi,Truth may come late but it lasts,"truth, patience, permanence"
నిజాయితీ మణిహారం,Nijayiti maniharam,Honesty is an ornament,"honesty, virtue, value"
అబద్ధం పైపై బలహీనత,Abaddham paipai balahinata,Lies are shallow weakness,"lies, weakness, fragility"
అరచిన అరటి వేరు పది కొమ్మలు పుట్టదు,Arachina arati veru padi kommalu puttadu,Shouting won’t make things grow,Useless effort
చెమటతో చెల్లిన అన్నం మధురం,Chematato chellina annam madhuram,Food earned by sweat tastes sweeter,"hard work, food, satisfaction"
కష్టానికి కర్మఫలం తప్పదు,Kashtaniki karma phalam tappadu,Hard work always brings its fruit,"effort, result, justice"
పనిలేని వాడికి పిచ్చి ఎక్కువ,Panileni vadiki pichi ekkuva,An idle person grows mad,"idleness, laziness, madness"
గాలి గాలి లా తిరిగే వాడికి స్థిరం ఉండదు,Gaali gaali laa tirige vadiki sthiram undadu,A restless person achieves nothing.,"stability, focus, achievement"
కష్టంతో పొందిన సంపద నిలుస్తుంది,Kashtanto pondina sampada nilustundi,Wealth earned with effort lasts long,"hard work, wealth, value"
కష్టం చెమట కడిగిన వజ్రం,Kashtam chemata kadigina vajram,Hardship polishes a diamond,"hardship, growth, strength"
ఓపిక ఉంటే పండు తియ్యగా ఉంటుంది,Opika unte pandu tiyyaga untundi,"With patience, the fruit is sweeter","patience, reward, timing"
కష్టాలు మనిషిని తయారు చేస్తాయి,Kashtalu manishini tayaru chestayi,Hardships shape a person,"hardship, character, growth"
రాత్రంతా చదివినవాడే ఉత్తీర్ణుడవుతాడు,Ratranta chadivina vaade uttirnuduavutadu,Only the one who studies all night passes,"study, hard work, success"
చెట్టు విత్తి పండు దక్కించుకోవాలి,Chetu vitti pandu dakkinchukovali,One must plant a tree to enjoy its fruit,"work, effort, reward"
కష్టం లేక దొరికిన సంపద నిలవదు,Kashtam leka dorikina sampada nilavadu,Wealth gained without effort doesn’t last,"easy wealth, effort, impermanence"
"తెలివి తక్కువైతే, తల నొప్పి ఎక్కువ.","Telivi takkuvaite, tala noppi ekkuva",Less wisdom brings more trouble,"wisdom, foolishness, consequences"
తన వూరి మోసగాడు తనకి కనిపించడు,Tana voori mosagadu tanaki kanipinchadu.,A deceiver in one’s own place goes unnoticed.,"deception, ignorance, awareness"
పుస్తకమే గురువు,Pustakame guruvu,Books are the best teachers,"knowledge, books, learning"
పక్షి ఎగిరే దిశే చెట్టు చూపిస్తుంది,Pakshi egire dishe chettu choopistundi.,One’s direction shows their nature.,"nature, direction, destiny"
కొక్కెం పిట్టకు కోడి పోరా,Kokkem pitta ku kodi pora,Even a small bird will fight back when cornered,Self-defense
ఆవుపాలు తాగిన పిల్లి నోరు తుడుచుకుంటుంది,Aavupalu tagina pilli noru tuduchukuntundi,A guilty person tries to hide their guilt,Guilt
దొంగకు దొంగ చెవిలో వార్త,Dongaku donga chevilō vaartha,Secrets spread fast among the guilty,Rumors
నాయన బిడ్డనికన్నా పొరుగు బిడ్డ బాగుంటుంది,Naayana biddanikanna porugu bidda baaguntundi,Others’ possessions always seem better,Jealousy / Comparison
అరిచే వాడికే అన్నం ఎక్కువ,Ariche vadike annam ekkuva,The one who demands loudly gets more.,Demand / Loudness / Attention
ఎద్దు మీద వేసిన బరువు ఎద్దే మోస్తుంది,Eddumeeda vesina baruvu edde mostundi,Responsibilities always falls on the strong,Responsibility / Strength
ఒంటికే వేరే కష్టం,Ontike vere kashtam,Being alone makes life harder,Loneliness / Hardship
కత్తి ధారం రెండు వైపులా కోస్తుంది,Katti dhaaram rendu vaipula kostundi,A double-edged sword; every decision has risks,Risk / Double-edged / Caution
బట్టతో ఉన్నవాడికి బట్ట లేని వాడి బాధ తెలియదు,Batta to unnavaadiki batta leeni vaadi baadha teliyadu,The privileged don’t understand the poor,Privilege / Ignorance / Poverty
ఎగరలేని కాకికి ఆకాశం భారమా,Egaraleni kakiki aakasham bharamaa,The incapable cannot handle opportunities.,Incapacity / Opportunity / Limitations
చిత్తడి గోడకు సీసా వర్ణం వేసినా కట్టదు,Chittadi godaku seesa varnam vesina kattadu,Painting a weak wall doesn’t make it strong,Useless effort / Weakness / Pretence
కోట్ల పొలం కోతికి కట్టించకు,Kotla polam kotiki kattinchaku,Don’t entrust precious work to the wrong person,Trust / Responsibility / Wrong choice
చేతికి రాని మామిడి పులుపు,Chetiki rani maamidi pulupu,Sour grapes; belittling what you can’t have.,"Sour grapes / Jealousy / Denial
"
ఎద్దు బలహీనమైతే ఎలుకలు కూడా తొక్కుతాయి,Eddubalahinamaithe elukalu kooda tokutayi,"When strong fall, even weak attack.",Weakness
వానలో కప్పలు కూస్తే పంట రాదు,Vaanalo kappalu koosite panta raadu,Noise doesn’t give results,Action vs Noise
తన వాసన వాడు దాచుకోలేడు,Tana vaasana vaadu daachukolēdu,One’s nature can’t be hidden,True nature
కలువ పూసినచోటే తేనెటీగలు వస్తాయి,Kaluva poosinachote tenetigalu vastayi,Success attracts attention,Success
అతి లోభి ఎప్పుడూ ఖాళీగా ఉంటాడు,Ati lobhi eppudu khaaliga untadu,Greedy person always ends empty,Greed
మంచి మాట ముత్యమువంటి ది,Manchi maata mutyamuvanti di,Good words are like pearls,Kindness
"తింటే తీపి తినాలి, మాట్లాడితే మధురంగా మాట్లాడాలి","Tinte teepi tinnaali, maatladite madhuranga maatladaali",Sweet in food & words,Sweetness
ఒకే మేకపోతు రెండు గడ్డలు తినదు,Oke mekapotu rendu gaddalu tinadu,Can’t enjoy everything at once,Limit
నక్కకు తోక తగలదు,Nakkaku toka tagaladu,Weak can’t become strong,Limitations
మంచి విత్తనమే మంచి పంట ఇస్తుంది,Manchi vithaname manchi panta istundi,Good seed → Good crop,Quality
బలవంతుడి చెయ్యి బలహీనుడి తలపై,Balavantudi cheyyi balahenudi talapai,Strong dominates weak,Power
ఒక గింజతో ఒక పొలము పండదు,Oka ginjatho oka polamu pandadu,One effort ≠ big success,Effort
పిల్లగాలి ఊదితే దీపం ఆరిపోదు,Pillagaali oodite deepam aaripodu,Small troubles don’t matter,Strength
వేరేరు వేసిన చెట్టు బలంగా ఉంటుంది,Vereru vesina chettu balanga untundi,Strong roots give strength,Foundation
కత్తి మీద ముంతి నాటకూడదు,Katti meeda munti naatakoodadu,Don’t play with danger,Caution
చెట్టు పెరిగితే నీడ వస్తుంది,Chettu perigite needa vastundi,Growth brings protection,Growth
ఎద్దు లేక పంట రాదు,Eddulēka panta raadu,No effort = No result,Hard work
ఇల్లు అలకగానే పండుగ,illu alakagaanE pandaga?,A decorated home itself is a celebration.,House
రౌతు కొద్దీ గుర్రం,routhu koddhee gurramu,Strength depends on authority,Authority / Status
తాటకు కప్పుల్లకు కుందెలు బెదరవు,taaTaaku chappuLLaku kundEellu bedurunaa?,A weak or unprepared person cannot handle difficult tasks; some things are impossible without the necessary strength or skill.,Crack / Break
ఉన్న మాటంటే ఉలుకెక్కువ,Unna maaTanTe ulukekkuva,A person who speaks the truth or keeps their word will never face disgrace; honesty always protects.,Word / Promise
వెర్రి వేయ్యి విధాలు,verri veyyi vidhaalu,A clever or cunning person can devise a thousand different ways to achieve their goal; it highlights ingenuity and resourcefulness.,Clever / Cunning
ఎద్దు పండు కాకికి ముద్ద,eddu pundu kaakiki muddu /muddaa?,Something valuable or sweet is wasted on someone who cannot appreciate it.,Crow / Unworthy
"పరిగెత్తి పాలు తాగే కంటే, నిలబడి నీళ్లు తాగడం మేలు",parigettiutoo paalu taagae kante nilabadi neellu thaagadam melu,It is better to do things slowly and steadily than to rush and risk mistakes; patience and caution are superior.,Standing / Steady
"పాపమని పాత చీర ఇచ్చే, గోడా చాటుకు వెళ్లి మూర వేసిందట",paapamani paatha cheera iste goda chaatuku velli moora vesindata.,"Giving someone something inappropriate or useless can lead to them misusing it or causing trouble; intentions matter, not just giving.",Mischief / Trouble
పెనుకు పెట్టనమిస్తే తల అంతా కోరికిందట,penuku pettanamiste tala anta korikindata,"If something is not used properly or given appropriately, desire and frustration increase; it highlights the importance of proper timing or usage.",Desire / Wish
“పిచ్చుక చేతిలో బ్రహ్మాస్త్రం,pichhuka meedha brahmaastramu.,Giving a powerful tool or weapon to someone foolish or irresponsible can lead to disaster.,fool/Powerful weapon / Ultimate weapon.
పిండి కొద్దే రొట్టీ,pindi koddee rotti,Small effort or small resources yield small results; you get according to what you put in.,Result
పెరుగుట విరుగుట కోరకే,peruguta viruguta korake,"Growth and decay are natural processes; nothing lasts forever, and everything has its time.",Growth
"పుణ్యం కొద్ది పురుషుడు, దానం కొద్ది బిడ్డలు","punyam koddhi purushudu, daanam koddhi biddalu.","A person with little virtue or goodness achieves little; similarly, a person who gives little has limited benefits.",Little charity / Giving
"పూర్రెలో పుట్టిన బుద్ధి, పుడకలతోనే పోతుంది",purrelo puttina buddhi pudakalathone potundi,Innate intelligence or wisdom is limited by one’s upbringing and environment; natural talent alone is not enough without proper guidance.,Born intelligence / Natural wisdom
రొట్టీ విరిగి నెయ్యిలో పడ్డట్టు,rotti virigi nethilo paddattu,Something fragile or poorly handled gets ruined easily; carelessness leads to loss.,Fragile
తా చెడ్డ కోటి వనమెల్ల చేరచిందట,taa chedda koti vanamaella cherachindata,One bad action or mistake can cause widespread damage; a single evil can have far-reaching consequences,Bad / Evil
గాజుల బేరం భోజనానికి సరియైనది,gaajula baeramu bhojanaananiki sari.,Things should be used according to their purpose; using the wrong tool or method can ruin the result.,Appropriate / Suitable
గుడ్డు వచ్చి పిల్లను వెక్కిరించినట్లే,guddu vachhi pillanu vekkirinchinatlu.,Something unexpected or sudden can cause confusion or disturbance; sudden events can have surprising consequences.,Comes / Arrives
"గుడిని, గుడిలో లింగాన్ని మింగేవాడు","gudini, gudilo linganni, mingevaadu.",A person who tries to take everything for themselves or be greedy may fail; some things cannot be possessed all at once.,Swallow / Take greedily
ఇంటి పేరు కస్తూరివారు; ఇంటిలో గబ్బిలాల కింపు,inti paeru kasturivaaru; intilo gabbilaala kampu,"Appearances can be deceiving; a house or person may have a grand reputation, but inside, there may be problems or chaos.",Chaos / Disorder
అన్నపు చోరవే కానీ అక్షరపు చోరవ లేదు,annapu choravee gaani aksharapu chorava ledu.,"One may steal material things like food, but knowledge and learning cannot be stolen; education and wisdom are safe and personal.",Thief / Steal
అప్పు చేసి పప్పు కూడు,appu chesi pappu koodu.,Borrowing or taking help now may require repayment later; nothing comes free—every favor has a cost.,Borrow / Debt
బాఠికుంటే బలూసాకు తినవచ్చు,bathikunte balusaaku thinavachhu.,"With proper preparation or the right means, even difficult tasks can be accomplished.",Prepared/ Achieve
"“భక్తి లేని పూజ, పత్రి చేత",Bhakti leni pooja patri chetu.,Worship or rituals done without devotion are meaningless; sincerity matters more than form.,Worship / Ritual
చచ్చినవాని కన్న్లు చారెదేసి,chachhinavaani kandlu chaaredesi.,"Complaining or regretting after a loss is useless; once something is gone, lamenting does not help.",regret/complain
అడుగు ముందేసిన ధైర్యానికి దారులు తెరుచుకుంటాయి,Adugu mundesina dhairyam dārulu teruchukuntāyi,Courage opens new paths.,"courage, opportunity"
అదనం లేక పొదుపు రావు,Adanam leka podupu raavu,"Without saving, wealth doesn’t stay.","savings, discipline"
అన్నం పెట్టి పెంచినవాడి విలువ పెద్దది,Annam petti penchinavāḍi viluva peddadi,The one who feeds you deserves respect.,"gratitude, respect"
అమ్మ మాట అమృతం,Amma maata amrutam,Mother’s words are like nectar.,"mother, advice"
అయ్యాలు ఉన్నా అయిష్టం పో,Ayyaalu unna ayishtam podu,"Even with resources, dislike doesn’t vanish.","dislike, human nature"
అయ్యో అన్నాక చెల్లు పెట్టలేం,Ayyo annāka chellu pettalēm,Regret doesn’t fix mistakes.,"regret, mistake"
అవసరం లేని చోట మాట అవసరం లేదు,Avasaram leeni chota maata avasaram ledu,Unnecessary talk is harmful.,"silence, wisdom"
ఆలోచించి చేసిన పనికి నష్టం లేదు,Aalochinchi chesina paniki nashtam ledu,Thinking before acting prevents loss.,"planning, wisdom"
ఆశ గుండెల్లో ఆవుపాలు ఉడుకుతాయి,Aasha gundello aavupaalu udukutaayi,Too much hope burns inside.,"desire, patience"
ఇంట్లో ఎలుకలుంటే గిన్నె రోళ్లు చేస్తుంది,Intlo elukalunte ginne rollu chestundi,Trouble exposes weakness.,"weakness, trouble"
ఇంటి మంట ఇంట్లోనే ఆర్పాలి,Inti manta intlonē ārpāli,Solve family problems within the family.,"family, privacy"
ఇబ్బంది వచ్చినప్పుడే మంచి చెడ్డ తెలిసిపోతుంది,Ibbandi vachinappuḍe manchi chedda telisipotundi,Hard times reveal true people.,"loyalty, truth"
ఉదయం పడుయుండి భవిష్యత్తు చూడలేం,Udayam padu yundi bhavishyattu chudalēm,Laziness ruins the future.,"laziness, future"
ఉదయం లేచినవాడికే ఉదయం సూర్యుడు కనిపిస్తాడు,Udayam lechina vaadike suryudu kanipistadu,Only the active see opportunities.,"opportunity, effort"
ఊరు మారితే ఊసులు మారవు,Uuru maarite uusulu maaravu,Gossip follows everywhere.,"gossip, society"
ఒక అక్షరం నేర్పితే గురువు అవుతాడు,Oka aksharam nerpite guruvu avutāḍu,One who teaches is a teacher.,"teacher, learning"
ఒంటరివాని ఆలోచనే ఆయుధం,Ontarivaani aalochanē āyudham,A lonely man’s strength is thinking.,"thinking, strategy"
ఒంచెం తప్పు ఉంటే పని నిండదు,Onchem tappu unte pani nindadu,Small mistakes spoil big work.,"quality, precision"
కడుపుకి అన్నం కంటే మనసుకి మాట ముఖ్యం,Kadupuki annam kante manasuki maata mukhyam,Words can nourish the heart more than food.,"kindness, words"
కష్టాలు కోరికలను తీర్చుతాయి,Kashtalu korikalanu teerchutayi,Struggles fulfill desires.,"struggle, achievement"
కత్తికి కోపం లేదు; చేతికి కోపం ఉంది,Kattiki kopam ledu; chetiki kopam undi,"Issues arise from people, not tools.","responsibility, action"
కాపు కాస్తే పంట రక్షణ,Kaapu kaaste panta rakshana,Guarding ensures protection.,"protection, caution"
కాళ్లు మోపని దారికి దుమ్ము తగలదు,Kaallu mopani daariki dummu tagaladu,You gain nothing without stepping forward.,"effort, action"
కాలు జారి పడ్డా తప్పు మనదే,Kaalu jaari padda tappu manade,Our fall is our mistake.,"responsibility, error"
కావాలి అంటే మెల్లగా అడగాలి,Kaavaali ante mellaga adagāli,Ask gently to get things done.,"humility, request"
అరిచే కుక్క కాటేయదు,Ariche kukka kaateyadu,A barking dog doesn’t bite.,"talkers, action, threat"
అతి మిఠాయి కూడా చెడిపోతుంది,Ati mithaayi kooda chedipotundi,Even too much sweet becomes bitter.,"excess, balance"
అగ్ని లేకపోతే పొగ రాదు,Agni lekapote poga raadu,No smoke without fire.,"cause, truth"
ఆకు కదలకపోతే గాలి రాదు,Aaku kadalakapote gaali raadu,Leaves won’t move without wind.,"reason, cause-effect"
ఇష్టపడి చేసిన పని అలసట రాదు,Ishtapadi chesina pani alasata raadu,You don’t tire when doing what you love.,"passion, motivation"
ఇసుకలో గింజ పడితే మొలకెత్తదు,Isukalo ginja padite molakettadu,A seed in sand won’t sprout.,"environment, growth"
ఉప్పు ఎక్కువైతే పులుసు పాడవుతుంది,Uppu ekkuvaite pulusu paadavutundi,Too much salt spoils the curry.,"moderation, balance"
ఒక చుక్క నీళ్ళతో దాహం తీరదు,Oka chukka neellatho daaham teeradu,One drop of water won’t quench thirst.,"effort, insufficiency"
ఒంటె మీద బండారం బరువు కాదు,Onte meeda bandaaram baruvu kaadu,Treasure isn’t a burden for a camel,"capability, strength"
కత్తికి పదును పెడితేనే కోయగలదు,Kattiki padunu pediteyne koyagaladu,A knife cuts only if sharpened.,"skill, preparation"
కాయ వేయక మొక్క పెరగదు,Kaaya veyaka mokka peragadu,A plant won’t grow unless you sow.,"effort, beginnings"
కాలు ముందుకు వేయక ముందుకు రాదు,Kaalu munduku veyaka munduku ra,"Without stepping forward, you can’t move forward.","progress, action"
కూలి కష్టం కాని అన్నం తీపి,Kooli kashtam kaani annam teepi,Hard-earned food tastes sweet.,"reward, effort"
గింజ చిన్నదైనా వృక్షం పెద్దది,Ginja chinnadaina vriksham peddadi,A tiny seed grows into a big tree.,"growth, potential"
గురువు చెప్పినా శిష్యుడు నేర్చాలి,Guru vu cheppinaa shishyudu nerchali,"Even if the teacher teaches, the student must learn.","learning, responsibility"
గుట్టలో దాగిన నిజం బయటపడుతుంది,Guttalo daagina nijam bayatapadutundi,Hidden truth eventually comes out.,"truth, revelation"
అతి వినయం ధూర్త లక్షణం.,Ati Vinayam Dhoorta Lakshanam.,Excessive humility is a sign of cunning nature.,"Excessive humility, cunning nature."
"అందితే జుట్టు, అందకపోతే కాళ్లు.","Andithey Juttu, Andakapothey Kaallu.","If they get what they want, they praise you; if not, they blame you.","Self-interest, inconsistency, opportunistic behavior."
"ఇల్లు కట్టి చూడు, పెళ్లి చేసి చూడు.","Illu Katti Choodu, Pelli Chesi Choodu.",Build a house and get married to understand how difficult major responsibilities truly are.,"Responsibility, life challenges, experience."
అడగందే అమ్మా అన్నం పెట్టదు.,Adagandhey Amma Annam Pettadu,Mother served food even without being asked.,"Unconditional love, care, generosity."
"కాలం కలిసి రాకపోతే, కర్రే పామై కాటు వేస్తుంది.","Kaalam Kalisi Raakapotey, Karrey Paamai Kaatu Vesthundhi.","When the right time doesn’t come together, even a simple stick can feel like a heavy burden.","Bad timing, hardship, misfortune."
పొరుగింటి పుల్లకూర రుచి.,Poruginti Pullakoora Ruchi,The neighbour’s sour curry tastes better.,"Comparison, envy, dissatisfaction."
"ఆవు చేనులో మేస్తే, దూడ గట్టున మేస్తుందా?","Aavu Chenulo Mesthé, Dooda Gattuna Mesthundhaa?","If a cow is scrubbed in water, will a buffalo get clean?","Misplaced effort, irrelevance, wrong target."
నిదానమే ప్రధానం.,Nidhaanamey Pradhaanam.,Patience is important.,"Patience, calmness, importance."
పిచ్చుక మీద బ్రహ్మాస్త్రం,Pichchuka Meedha Brahmaastram,Using a divine weapon on a tiny sparrow.,"Overreaction, unnecessary force, exaggeration."
"అసలుకు మోసం లేదు, వడ్డీకి మోసం లేదు.","Asaluku mosam ledu, vaddiki mosam ledu","There is no cheating in principal, and no cheating in interest.","Debt, obligation, repayment."
"గుడి దగ్గర దొంగలు, గోరు దగ్గర ఈగలు","Gudi daggara dongalu, goru daggara eegalu.",Thieves gather near temples; flies gather near wounds.,"Opportunity, temptation, wrongdoing."
"దొంగకి దేవుడు లేడు, దరిద్రుడికి లోకం లేదు.","Dongaki devudu ledu, daridrudiki lokam ledu.","A thief has no God, and a poor person has no world.","Isolation, lack of support, hardship."
తోక తెగిన కోతిలా.,Thoka tegina kothilaa.,Like a monkey that lost its tail.,"Embarrassment, awkwardness, loss."
పిచ్చోడి చేతిలో రాయిలా.,Pichchodi chethilo raayilaa.,Like a stone in the hand of a madman.,"Danger, irresponsibility, wrong hands."
నూనెపాకంలో ఈగ పడినట్లు.,Noonapakamlo eega padinatlu,An annoying interruption ruining something good.,Spoiled moment
కలిమి లేములు కవడి కుందలు.,Kalimi lemulu kavadi kundalu.,"Wealth brings problems, poverty brings problems — every state has its own burdens",Life’s burdens
ఎద్దు పండు కాకికి ముద్దు.,Eddu pandu kaakiki muddu.,What is useless to everyone may still be precious to someone.,Subjective value
తాడిని తన్నే వాని తల తన్నే వాడు ఇంకొకడుండును.,ఎంత చెట్టుకు అంత గాలి.,There is always someone stronger who can overpower even the one who seems powerful,"bigger, stronger person"
మాట మంచిదైతే మలయమారుతం,Maata manchidaite malayamarutam,Good words feel like a gentle breeze,"kindness, speech"
అరచేతిలో వైకుంఠం చూపినట్లు.,Arachethilo vaikuntam choopinatlugaa.,Showing heaven in the palm of the hand,Over-exaggeration or unrealistic boasting
గుడ్ల గూబ పగలు కాంతి తట్టదు.,Gudla gooba pagalu kaanthi thattadu.,An owl cannot bear daylight; the unfit fail in the wrong environment.,"Unsuitable environment, inability to adapt, natural limitations"
అల్లం బెల్లం అయితే అందరూ తింటారు.,Allam bellam aitey andaroo tintaru,Acceptance depends on the outcome,Success earns approval; results drive acceptance
"వడ్డీకి వడ్డీ, గడ్డీకి గడ్డి","Vaddiki vaddi, gaddiki gaddi.","Interest goes to the lender, grass goes to the cow","Natural share, rightful gains, everyone gets their due"
"తింటే గారెలు తినాలి, వింటే భారతం వినాలి.","Tintey gaarelu tinaali, vintey Bharatham vinaali","If you choose to eat, eat properly; if you choose to listen, listen fully — do things wholeheartedly","Full effort, wholehearted involvement, do it completely."
అప్పు లేనిదే ఆకలి తీరదు.,Appu lenidhé aakali teeradu.,Sometimes you must seek help to meet basic needs.,"Need for help, borrowing for survival, unavoidable dependence"
చచ్చినవాని కండ్లు చారెడేసి.,Chachhinavaani kandlu chaaredesi.,Crying over someone who’s already gone,"Too late, irreversible loss, regret after the end"
ఎలుక తోలు తెచ్చి ఏడేండ్లు ఉతికినా నలుపు నలుపే గాని తెలుపు కాదు.,Eluka tholu techhi edendlu utikinaa nalupu nalupé gaani telupu kaadu,"No matter how much you wash a rat’s skin for years, its blackness won’t turn white — some things will never change","Unchangeable nature, inherent traits, cannot transform"
ఆదిలోనే హంసపాదు.,Aadiloné hamsapaadu.,A swan’s song hidden inside a simple tune” — great talent shown naturally in small actions.,"Hidden talent, natural brilliance, effortless skill"
కొండ అద్దంలో పిడికెడు.,Konda addamlo pidikedu.,A tiny thorn stuck in a huge mountain” — a small issue causing a big problem.,"“Small obstacle, big trouble, minor issue → major impact.”"
కుడి ఎడమైతే పోయేది లేదు.,Kudi edamaitey poyedi ledu.,Nothing goes wrong when luck is on your side.,"Good fortune, luck favors, smooth success"
గుంట నక్కకు గోతి కాపలా.,Gunta nakkaku gothi kaapalaa,Used to say don’t overprotect or overdo things for someone who doesn’t need it or won’t value it.,"Unnecessary effort, wasted protection, not worth it."
అత్త సొమ్ము అల్లుడు దానము చేసినట్లు.,Attha sommu alludu daanam chesinatlu.,Like a son-in-law donating his mother-in-law’s money” — being generous with something that isn’t yours.,"False generosity, spending others’ resources, not your own"
"పాలు పొంగినా, కన్నీరు పొంగినా కిందకే.","Paalu ponginaa, kanneeru ponginaa kindake","Whether milk overflows or tears overflow, both fall downward” — everyone faces the same consequences, no exceptions","Inevitable outcome, same end for all, universal consequence"
చేతికి అందిన మామిడి పులుపు.,Chethiki andina maamidi pulupu.,The mango that’s in your hand always tastes sour” — people often dislike or undervalue what they already have.,"Taken for granted, undervalued, not appreciating what you have"
"ఆవు గోడ దాటితే, ఆవు ముద్దు.","Aavu goda daatithe, aavu muddu.","When the cow jumps the fence, people call it cute” — success makes even mistakes look admirable.","Success praised, failure criticized, perception changes with outcome"
"ఇంట్లో ఈగల మోత, బయట పల్లకీల మోత","Intlo eegala motha, bayata pallakeela motha.","Inside the house it’s full of flies, outside it’s full of peacocks” — things may look beautiful from the outside but be messy on the inside.","Appearances deceive, outside beauty–inside chaos"
కత్తి మీద ముంతి నాటకూడదు.,Katti meeda munthi naatakoodadu.,You can’t play games on the edge of a knife” — don’t take risks in dangerous situations.,"High risk, no room for mistakes, avoid danger."
ఎక్కడ వేసిన గొంగళి అక్కడే.,Ekkada vesina gongali akkadé.,"Wherever you pour batter, it stays right there” — people or things remain the same no matter where you place them.","Unchangeable nature, same behavior everywhere"
ముంజేటి కంకణానికి అద్దమెందుకు?,Munjeti kankanaaniki addamenduku?,Why does a bangle on the forearm need a mirror?,"Obvious, Self-evident, Clarity, Evident"
తినగ తినగ వేము తియ్యనుండు.,Tinaga tinaga vemu tiyyanundu.,Repeated effort or patience makes a difficult task easier,"Patience, Effort, Practice, Reward"
మొరిగే కుక్క కరవదు,Thikkala vaadiki dinamella raatri.,A foolish person is always ignorant or confused,"Foolishness, Ignorance, Confusion"
అల్లరిచేస్తే అదృష్టం పోదు.,Allari chesté adrushtam pōdu.,Misbehavior doesn’t take away luck,"Luck, Fate, Behavior, Misconduct"
నిప్పులో ఉన్న కొయ్య కాలదు.,Nippulo unna koyya kaaladu.,Wood in the fire will eventually burn.,"Consequence, Exposure, Inevitable, Result"
"దానం ధర్మం చేస్తే, దేవుడు కరుణిస్తాడు.","Daanam dharmam chesté, devudu karunisthadu.","If you do charity and righteousness, God will show mercy.","Charity, Virtue, Blessings, Morality"
"వచ్చిన వాడు గొప్పవాడు, లేని వాడు చిన్నవాడు.","Vachhina vaadu goppavaadu, leni vaadu chinnavaadu",The one who shows up is great; the one who doesn’t is small,"Presence, Importance, Participation, Value"
"రాజ్యాలకు రాజు, వంటకు మంట.","Raajyaalaku raaju, vantaku manta.","The king is for kingdoms, fire is for cooking","Purpose, Appropriateness, Role, Function"
"కోరికలు గుఱ్ఱాలు, బుద్ధి కళ్లెం.","Korikalu gurraalu, buddhi kallém.","Desires are like horses, and wisdom is the bridle.","Desire, Control, Wisdom, Self-discipline"
ఏమడిగితే అదే ముంత.,Em adigité adé muntha.,"Whatever is asked, that is the pot","Cooperation, Gullibility, Compliance, Obedience"
నిండుకుండ తొణకదు.,Nindukunda tonakadu.,A full pot does not wobble.,"Stability, Knowledge, Confidence, Preparedness"
ఇల్లు లేక కుక్క భ్రమ.,Illu leka kukka bhrama.,A dog without a home is always confused.,"Stability, Confusion, Insecurity, Disorientation"
ఆకలి దప్పులు ఆనందం ఎరుగవు.,Aakali dappulu aanandam erugavu,Hunger and thirst don’t know happiness,"Needs, Hunger, Thirst, Priorities"
"ఊరు పొమ్మంటుంది, కాడు రమ్మంటుంది.","Ooru pommandhi, kaadu rammandhi.","The village tells you to go, the graveyard tells you to come","Mortality, Life, Death, Inevitability"
గుడ్డిలో మెల్ల.,Guddilo mella.,Squinting in the blind.,"Advantage, Opportunity, Optimism, Resourcefulness"
దూరపు కొండలు నునుపు.,Doorapu kondalu nunupu.,Distant hills appear smooth.,"Perspective, Appearance, Envy, Comparison"
"ఉప్పు లేని కూర, అప్పు లేని మొగుడు.","Uppu leni koora, appu leni mogudu.","Curry without salt, a husband without debt","Rarity, Desirability, Uncommon, Value"
నూరు నోములు ఒక రంకుతో సరి.,Nooru nomulu oka rankutho sari.,hundred good deeds are canceled by one bad action,"Consequence, Morality, Action, Responsibility"
నక్కకు తోక తగలదు.,Nakkaku thoka thagaladu,The fox’s tail cannot be attached,"Limitation, Imitation, Weakness, Inability"
అతి తక్కువలోనూ ధైర్యం కావాలి.,Ati takkuvalonu dhairyamu kaavaali.,"Even in small matters, courage is needed.","Courage, Effort, Bravery, Initiative"
"కలకాలం ఉంటే, కన్నీరు కాలేదు.","Kalakaalam unte, kanneeru kaaledu.","If it lasts long, tears won’t flow.","Patience, Time, Endurance, Reward"
మంచం ఉన్నంత వరకు కాళ్లు చాచుకో.,Mancham unnanta varaku kaallu caacuko,Stretch your legs only as far as the cot allows.,"Moderation, Limit, Means, Prudence"
ఆకు కదలకపోతే గాలి రాదు,Aaku kadalakapoté gaali raadu.,A leaf won’t move unless there is wind.,"Cause, Effect, Reason, Dependence"
పులిని చుసి నక్క వాతం పెట్టుకున్నట్లు.,Pulini chusi nakka vaatham bettukunnatlu.,Like a fox seeing a tiger and getting a brand mark.,"Imitation, Foolishness, Influence, Weakness"
కాచే చెట్టుకే రాళ్ల దెబ్బలు.,Kaache chettuké raalla debbalu.,Only the tree that bears fruit receives stone hits,"Productivity, Criticism, Success, Responsibility"
కత్తి ధారం రెండు వైపులా కోస్తుంది,Katti dhaaram rendu vaipula kostundi,A sword cuts on both sides,"Risk, Consequence, Danger, Double-edged"
బట్టతో ఉన్నవాడికి బట్ట లేని వాడి బాధ తెలియదు.,Batta tho unnavaadiki batta leeni vaadi baadha teliyadu.,The privileged don’t know the suffering of the poor.,"Privileged, poor, suffering, inequality, social divide, empathy,"
అడవిలో కాచిన వెన్నెల,Adavilō kaachina vennela,Moonlight shining in the forest,"Wasted effort, Uselessness, Effort"
కుండ పగిలితేనే దాని విలువ తెలుస్తుంది,Kuṇḍa pagilitēnē dāni viluva telustundi,The value of a pot is known only after it is broken,"Value, Loss, Appreciation"
"పాతాళం లోతు పెట్టిన, పాతర పోదు","Pātāḷam lōtu peṭṭina, pātara pōdu","Even if dug to the depth of the underworld, the pit won't be filled.","Insatiable, Greed, Effort"
ఎంత చెట్టుకు అంత గాలి,Entha cheṭṭuku antha gāli,The stronger the wind for the size of the tree.,"Challenge, Status, Inevitability"
చేతులు కాలాక ఆకులు పట్టుకున్నట్లు,Cētulu kālāka ākulē paṭṭukunnāṭlu,Trying to catch leaves after one's hands are burnt,"Too late, Regret, Procrastination"
"పరిగెత్తి పాలు తాగే కంటే, నిలబడి నీళ్లు తాగడం మేలు","Parigetti pālu tāgē kaṇṭe, nilabaḍi nīḷḷu tāgaḍam mēlu",Better to stand and drink water than to run and drink milk.,"Patience, Quality, Caution"
పెరుగుట విరుగుట కోరకే,Peruguṭa viruguṭa kōrakē,Growth is for the sake of decay.,"Change, Decay, Impermanence"
గొంతెమ్మ కోరికలు,Gontemma kōrikalu,Impossible or unattainable desires.,"Desire, Impossibility, Greed"
అప్పు చేసి పప్పు కూడు,Appu chēsi pappu kūḍu,Borrowing money to eat lentil rice.,"Debt, Luxury, Folly"
అరచేతిలో వైకుంఠం చూపినట్లు,Aracētilō vaikuṇṭam chūpinaṭlu,Showing heaven in the palm of one's hand.,"Deception, Exaggeration, Boasting"
గుడ్డు వచ్చి పిల్లను వెక్కిరించినట్లు,Guḍḍu vacchi pillanu vekkirinchinaṭlu,The egg ridiculing the chick,"Immaturity, Insult, Pretense"
ఆదిలోనే హంసపాదు,Ādilōnē hansapādu,Swan's footprint at the very beginning.,"Early mistake, Bad start, Failure"
ఎలుక తోలు తెచ్చి ఏడేండ్లు ఉతికినా నలుపు నలుపే గాని తెలుపు కాదు,Eluka tōlu tecchi ēḍēṇḍlu utikinā nalupu nalupē gāni telupu kādu,"Even if a rat's skin is washed for seven years, black remains black, not white.","Unchangeable nature, Inherent traits, Nature"
పాము కాటుకు మంత్రం లేదు,Pāmu kāṭuku mantram lēdu,There is no charm for a snakebite.,"Inevitable, Consequences, Risk"
కుడి ఎడమైతే పోయేది లేదు,Kuḍi yeḍamaitē pōyedi lēdu,"If the right becomes left, nothing is lost.","Luck, Confidence, Fortune"
తినగ తినగ వేము తియ్యనుండు,Tinaga tinaga vēmu tiyyanuṇḍu,Repeated consumption makes neem (bitter) taste sweet.,"Practice, Effort, Habit"
పువ్వు పుట్టగానే పరిమళిస్తుంది,Puvvu puṭṭagānē parimalistundi,A flower smells fragrant as soon as it blooms.,"Innate talent, Natural ability, Quality"
దానం చేసిన ఆవు పళ్ళు లెక్కపెట్టినట్లు,Dānam chēsina āvu paḷḷu lekkapeṭṭinaṭlu,Counting the teeth of a cow given in charity.,"Ungrateful, Stinginess, Meanness"
నక్కకు స్వర్గం తెలిసినట్లు,Nakkaku svargam telisinaṭlu,Like a fox knowing about heaven.,"Unworthy, Ignorance, Lack of appreciation"
కమలా పండు కనకము కంటే మేలు,Kamalā paṇḍu kanakamu kaṇṭē mēlu,An orange fruit is better than gold.,"Health, Priority, Value"
తా చెడ్డ కోతి వనమెల్ల చేరచిందట,Tā cheḍḍa kōti vanamella cērachindaṭa,A bad monkey spoiled the whole forest.,"Bad influence, Consequences, Contagion"
"వడ్డీకి వడ్డీ, గడ్డీకి గడ్డి","Vaḍḍīki vaḍḍī, gaḍḍīki gaḍḍi","Interest for interest, grass for grass.","Rightful share, Justice, Due"
అప్పు లేనిదే ఆకలి తీరదు,Appu lēnidē ākali tīradu,Hunger won't be satisfied without debt.,"Dependence, Necessity, Survival"
"ఇంట్లో ఈగల మోత, బయట పల్లకీల మోత","Inṭlō īgala mōta, bayaṭa pallakīla mōta","Inṭlō īgala mōta, bayaṭa pallakīla mōta","Appearance vs. Reality, Hypocrisy"
నిప్పులో ఉన్న కొయ్య కాలదు,Nippulō unna koyya kāladu,Wood in the fire will eventually burn.,Wood in the fire will eventually burn.
పిండి కొద్దే రొట్టీ,Piṇḍi koddē roṭṭī,The bread is proportional to the dough.,"Resources, Result, Limitation"
"పుణ్యం కొద్దీ పురుషుడు, దానం కొద్దీ బిడ్డలు","Puṇyam koddī puruṣuḍu, dānam koddī biḍḍalu","The man's fortune is according to his virtue, the children according to his charity.","Karma, Fate, Deeds, Legacy"
కూలి కష్టం కాని అన్నం తీపి,Kūli kaṣṭam kāni annam tīpi,"Labour is hard, but the food tastes sweet.","Hard work, Satisfaction, Reward"
"ఆవు చేనులో మేస్తే, దూడ గట్టున మేస్తుందా?","Āvu cēnulō mēstē, dūḍa gaṭṭuna mēstundā?","If the cow grazes in the field, will the calf graze on the boundary?","Immitation, Control, Discipline"
"గుడి దగ్గర దొంగలు, గోరు దగ్గర ఈగలు","Guḍi dagga’ra dongalu, gōru dagga’ra īgalu","Guḍi dagga’ra dongalu, gōru dagga’ra īgalu","Temptation, Vulnerability, Attraction"
దూరపు కొండలు నునుపు,Dūra’pu koṇḍalu nunupu,Distant hills are smooth.,"Perception, Envy, Comparison"
నూరు నోములు ఒక రంకుతో సరి,Nūru nōmulu oka rankutō sari,Hundred good deeds are cancelled by one bad action.,"Morality, Consequences, Ethics"
కాచే చెట్టుకే రాళ్ల దెబ్బలు,Kācē ceṭṭukē rāḷḷa debbalu,Only the tree that bears fruit receives stone hits.,"Success, Criticism, Responsibility"
తోక తెగిన కోతిలా,Tōka tegina kōtilā,Like a monkey that lost its tail.,"Embarrassment, Loss, Awkwardness"
ఆకలి దప్పులు ఆనందం ఎరుగవు,Ākali dappulu ānandam erugavu,Hunger and thirst don't know happiness.,"Value, Loss, Appreciation"
"ఊరు పొమ్మంటుంది, కాడు రమ్మంటుంది","Ūru pommandhi, kāḍu rammandhi","The village tells you to go, the graveyard tells you to come.","Mortality, Inevitability, Death"
ఎక్కడ వేసిన గొంగళి అక్కడే,Ekkaḍa vēsina goṅgaḷi akkaḍē,"Wherever the blanket is placed, it stays there","No progress, Stagnation, Inertia"
అతి వినయం ధూర్త లక్షణం,Ati vinayam dhūrta lakṣaṇam,Excessive humility is a sign of cunning nature.,"Deception, Cunning, Behavior"
ముంజేటి కంకణానికి అద్దమెందుకు?,Muṇjēṭi kaṅkaṇāniki addamenduku?,Why does a bangle on the forearm need a mirror?,"Obviousness, Self-evident, Clarity"
క్షేత్రమెరిగి విత్తనం వెయ్యాలి,Kṣētramerigi vittanam veyyāli,Sow the seed knowing the field,"Prudence, Planning, Action"
పెద్దవారి మాట చద్ది అన్నం,Peddavāri māṭa caddi annam,The word of elders is stale rice,"Advice, Wisdom, Elders"
అందానికి కొన్న సొమ్ము అక్కరకు పనికొస్తుంది,Andāniki konna sommu akkaraku panikostundi,Money spent on beauty will be useful when needed.,"Investment, Utility, Future use"
బాఠికుంటే బలూసాకు తినవచ్చు,Bāṭhikunṭē balūsāku tinavachhu,"If one is prepared, one can eat even 'balusaaku' (a rough leaf).","Preparedness, Capability, Resilience"
మనసుంటే మార్గముంటుంది,Manasuntē mārgamuṇṭundi,"Where there is a will, there is a way.","Willpower, Determination, Solution"
కొంచెం కొంచెంగా గుండు పెరుగుతుంది,Konchem konchemga gundu periguthundi,Small efforts build big results,"patience, growth, effort"
చెట్టు నాటిందే నీడ ఇస్తుంది,Chettu naatinde needa isthundi,You benefit from what you invest in,"investment, result, effort"
అరిచే నక్క కరచదు,Ariche nakka karachadu,Those who shout a lot rarely act,"talk, action, bluff"
ఆవు పాలను ఆవే తాగింది,Aavu paalanu aave thaagindi,People use their own resources; nothing surprising,"obvious, natural, self-use"
తొందరపాటు పనికిరాదు,Thondarapaatu panikiraadu,Hurry causes mistakes,"caution, patience, slow"
చుక్క చూసి పడవ తొక్కకూడదు,Chukka choosi padava thokkakoodadu,Don’t attempt without proper knowledge,"planning, wisdom, preparation"
వాన వచ్చేగానీ మేఘాలు కదలవు,Vana vacchegani meghaalu kadalavu,Signs appear before events,"signs, prediction, clues"
లోతు నీళ్లు మోసమవు,Lothu neellu mosamavu,Deep thinkers stay calm,"maturity, depth, calmness"
చెయ్యనివాడి చెయ్యి దెబ్బ తినదు,Cheyyanivaadi cheyyi debba thinadu,"No risk, no gain","work, risk, effort"
పులికి పులి పిల్లే,Puliki puli pille,Children inherit parents’ qualities,"heredity, qualities, lineage"
కాగితపు పులి,Kaagitapu puli,Someone who looks strong but isn’t,"fake strength, appearance"
ఎద్దు మోత మానలేదు,Eddhu motha maanaledhu,Habits don’t change easily,"habit, behavior, nature"
పోయిన పాలు తిరిగి రావు,Poyina paalu thirigi raavu,Lost things won’t come back,"loss, regret, irreversible"
గాడిదకూ గజ రాజ్యం వచ్చినట్లే,Gadidakuu gaja raajyam vachinatle,Giving power to someone unfit,"unworthy, responsibility, mismatch"
చెట్టు దగ్గరికి పోతేనే నీడ ఇస్తుంది,Chettu daggariki potenee needa isthundi,Benefits come only when you act,"action, effort, initiative"
నిప్పు ఉంటేనే పొగ,Nippu untetene poga,Every rumor has a cause,"cause, reason, source"
వాడిపోయిన ఆకు తిరిగి మొలవదు,Vaadipoyina aaku thirigi molavadu,Some things can’t be restored,"loss, irreversible, truth"
ఒంటెకి ఒక్క చూపే చాలు,Onteki okka choope chaalu,Smart ones understand quickly,"intelligence, sharpness"
గోడ మీద నలుపు పులి,Goda meeda nalupu puli,Imaginary or impossible thing,"imagination, impossible "
పులి వచ్చిందంటే పిల్లి పారిపోదు,Puli vachindante pilli paaripodu,Brave people don’t fear easily,"courage, bravery"
అన్నం దొరక్కపోతే ఆకలి తక్కువ అవుతుందా,Annam dorakkapotey aakali thakkuva avutunda,Lack of resources doesn’t reduce needs,"need, hunger"
కళ్లెదుట ఉండి కనపడకపోవడం,Kalleduta undi kanapadakapovadam,Missing what is in front of you,"ignorance, oversight"
చెయ్యి వొంపితే గొంగళి లేస్తుంది,Cheyyi vompite gongali lestundi,Problems arise when you interfere,"interference, trouble"
చేతిలో ఉన్న పిట్ట పొదల్లో ఉన్న రెండింటికంటే మేలు,Chethilo unna pitta podallo unna rendu kante melu,What you have is better than what you hope for,"value, reality"
అవ్వ పొయ్యిలో పోతే బువ్వ పొయ్యిలో పడింది,Avva poyyilo pothe buvva poyyilo padindi,Trouble spreads when one thing goes wrong,"trouble, chain reaction"
గాడిదకి వెన్నెముకలో జడ పెడితే వాడా,Gadidaki vennemukhalo jad pedite vada,Dressing up someone doesn’t change their nature,"nature, behavior"
నిన్న మొన్నటి పిల్లవాడు కాదు,Ninna monnati pillavadu kaadu,Not inexperienced anymore,"maturity, growth"
కొడవలి కొట్టినట్టు మాట,Kodavali kottinattu maata,Harsh words hurt deeply,"speech, harshness"
నిప్పు పెట్టితేనే కాగితం వెలుగుతుంది,Nippu pettitene kaagitam velugutundi,Action is needed for results,"action, effort"
ఏనుగు పాదంలో పాము ఎలా బతుకుతుంది,Enugu paadhamlo paamu ela bathukuthundi,Weak can’t survive under strong dominance,"strength, inequality"
శూన్యంలో శోధిస్తే ఏదీ దొరకదు,Shoonyamlo shodhiste yedi dorakadu,Efforts must be put in the right place,"effort, direction"
మేడమీద మేకపోతు,Medamida mekupothu,Someone who shows off unnecessarily,"show-off, pride"
పొరుగు కోడికంటే మన కోడి బాగుండాలి,Porugu kodikante mana kodi baagundali,Our own things matter more,"priorities, self-care"
అల్పం ఆలోచన పెద్ద నష్టం,Alpam alochana pedda nashtam,Small mistakes cause big losses,"caution, thinking"
దొంగకు దొంగతనం రుచి,Dongaku dongathanam ruchi,People like what matches their nature,"nature, behavior"
శూన్యాన్ని ఎవరూ పూజించరు,Shoonyanni evaru poojinchadu,Empty things have no value,"value, importance"
పులి దాటితే పాదముద్రలు,Puli daatite paadamudralu,Great people leave marks behind,"legacy, impact"
ఎలుక దొరకదంటే బిలం తవ్వకూడదు,Eluka dorakadante bilam tavvakoodadu,Don’t waste effort on useless things,"waste, efficiency"
గాలి లేకపోతే దీపం అగుపడదు,Gaali lekapotey deepam agupadadu,Conditions must be favorable for success,"conditions, success"
పప్పులో కారం,Pappulo kaaram,A disturbing element in a smooth situation,"disturbance, irritation"
ఎలుక గుంతలో పాము,Eluka gunthalo paamu,Unexpected danger,"danger, surprise"
గాడిద కూడా నిద్రపోతుంది,Gadida kooda nidrapothundi,Even simple beings need rest,"rest, equality"
పంది ముందు విద్వత్తు,Pandi mundu vidwattu,Wisdom is wasted on the unworthy,"wisdom, waste"
పెద్ద నోరు – చిన్న పని,Pedda nooru – chinna pani,"Big talk, small actions","talk, hypocrisy"
ఎక్కిన చెట్టు దిగాలి,Ekkina chettu digali,One must face consequences,"responsibility, consequences"
నీళ్లు ఉన్నపుడే బావి విలువ,Neellu unnappude baavi viluva,Value is known only when needed,"value, importance"
తాటి చెట్టుపై తేనె,Taati chettupai thene,Getting good things from unlikely places,"surprise, unexpected"
పాము వెళ్లాక మట్టికొట్టి,Paamu vellaka mattikotti,Acting after the harm is done,"delay, regret"
చేపను నీళ్లలో వెతుకుతున్నట్టు,Chepanu neellalo vethukuthunattu,Searching where it’s obvious,"obvious, simplicity"
గాడిదకి పూలమాల వేసినట్టు,Gadidaki poolamaala vesinattu,Respecting someone who doesn’t deserve it,"undeserved, respect"
దొంగ దొంగ అంటాడు,Donga donga antadu,Wrongdoers accuse others,"blame, guilt"
నోళ్ళెక్కినప్పుడే మాట,Nollekkina appude maata,Speak only when appropriate,"timing, wisdom"
ఉప్పు ఎక్కువైతే పులుసు చెడిపోతుంది,Uppu ekkuvaite pulusu chedipotundi,Too much of anything ruins it,"balance, moderation"
ఆవేశం మంచిది కాదు,Aavesham manchidi kaadu,Anger is harmful,"anger, control"
గుడ్డి ముందు దీపం వేసినా వెలుగు కనిపించదు,Guddi mundu deepam vesina velugu kanipinchadu,Knowledge is useless to the ignorant,"ignorance, wisdom"
చీమ వెంట పాము,Cheema venta paamu,Small actions bring big trouble,"trouble, consequences"
కాలం అన్నదే పెద్దది,Kaalam annade peddadi,Time is the most powerful,"time, destiny"
పిల్లి చూసి ఎలుక ఏడ్చినట్టు,Pilli choosi eluka yedchinnattu,Crying once danger is visible,"fear, danger"
చేతికి అందని మామిడి,Chetiki andani mamidi,Wanting what you cannot reach,"desire, impossibility"
నాన్న కష్టం బిడ్డ భుజం,Nanna kashtam bidda bhujam,Children benefit from parents’ hard work,"inheritance, effort"
వాన పడకముందే మేఘాలు వస్తాయి,Vana padakamundey meghaalu vastayi,Signs appear before events,"signs, prediction"
చీమ కుట్టినట్టు నొప్పి,Cheema kuttinattu noppi,Slight but sharp discomfort,"pain, irritation"
అద్దంలో కనిపించింది నిజం కాదు,Addamlo kanipinchindhi nijam kaadu,Appearances can be deceiving,"appearance, truth"
ఆకలి అంటే అన్నం విలువ,Aakali ante annam viluva,Need gives value,"value, necessity"
పొట్ట నిండితే మనసు నిండుతుంది,Potta nindite manasu nindutundi,Satisfaction begins with basic needs,"satisfaction, needs"
అదృష్టం ఉన్నవాడికి అడ్డంకులు ఉండవు,Adrustam unna vaadiki addankulu undavu,Luck clears obstacles,"luck, success"
దొరికిన దానికే విలువ,Dorikina daanike viluva,What is available is valued,"value, availability"
మంచి చేయి – మంచి ఫలితం,Manchi cheyi – manchi phalitham,Good deeds bring good results,"good, karma"
నేలపాలు చేసినట్టు,Nelapaalu chesinattu,Wasting something completely,"waste, loss"
పులి వచ్చిందంటే పిల్లి పారిపోదు,Puli vachindante pilli paaripodu,Brave people don’t fear easily,"courage, bravery"
అన్నం దొరక్కపోతే ఆకలి తక్కువ అవుతుందా,Annam dorakkapotey aakali thakkuva avutunda,Lack of resources doesn’t reduce needs,"need, hunger"
కళ్లెదుట ఉండి కనపడకపోవడం,Kalleduta undi kanapadakapovadam,Missing what is right in front of you,"ignorance, oversight"
చెయ్యి వొంపితే గొంగళి లేస్తుంది,Cheyyi vompite gongali lestundi,Problems arise when you interfere,"interference, trouble"
చేతిలో ఉన్న పిట్ట పొదల్లో ఉన్న రెండింటికంటే మేలు,Chethilo unna pitta podallo unna rendu kante melu,What you have is better than what you hope for,"value, reality"
అవ్వ పొయ్యిలో పోతే బువ్వ పొయ్యిలో పడింది,Avva poyyilo pothe buvva poyyilo padindi,"When one thing goes wrong, many follow","chain reaction, trouble"
గాడిదకి వెన్నెముకలో జడ పెడితే వాడా,Gadidaki vennemukhalo jad pedite vada,You can’t change someone’s nature with appearance,"nature, behavior"
నిన్న మొన్నటి పిల్లవాడు కాదు,Ninna monnati pillavadu kaadu,Not inexperienced anymore,"maturity, growth"
కొడవలి కొట్టినట్టు మాట,Kodavali kottinattu maata,Harsh words hurt deeply,"harshness, speech"
నిప్పు పెట్టితేనే కాగితం వెలుగుతుంది,Nippu pettitene kaagitam velugutundi,"Without action, nothing happens","action, effort"
ఏనుగు పాదంలో పాము ఎలా బతుకుతుంది,Enugu paadhamlo paamu ela bathukuthundi,Weak cannot survive under the powerful,"strength, inequality"
శూన్యంలో శోధిస్తే ఏదీ దొరకదు,Shoonyamlo shodhiste yedi dorakadu,Efforts must be focused correctly,"direction, effort"
మేడమీద మేకపోతు,Medamida mekupothu,Someone who acts superior unnecessarily,"pride, show-off"
పొరుగు కోడికంటే మన కోడి బాగుండాలి,Porugu kodikante mana kodi baagundali,Our own things are more important,"priorities, self-care"
అల్పం ఆలోచన పెద్ద నష్టం,Alpam alochana pedda nashtam,Small mistakes cause big losses,"caution, thinking"
దొంగకు దొంగతనం రుచి,Dongaku dongathanam ruchi,People enjoy what suits their nature,"nature, behavior"
శూన్యాన్ని ఎవరూ పూజించరు,Shoonyanni evaru poojinchadu,Empty things have no value,"value, importance"
పులి దాటితే పాదముద్రలు,Puli daatite paadamudralu,Great people leave a legacy,"legacy, impact"
ఎలుక దొరకదంటే బిలం తవ్వకూడదు,Eluka dorakadante bilam tavvakoodadu,Don’t waste effort unnecessarily,"waste, efficiency"
గాలి లేకపోతే దీపం అగుపడదు,Gaali lekapotey deepam agupadadu,Right conditions are needed for success,"conditions, success"
పప్పులో కారం,Pappulo kaaram,A small disturbance in a smooth situation,"irritation, disturbance"
ఎలుక గుంతలో పాము,Eluka gunthalo paamu,Hidden danger,"danger, threat"
గాడిద కూడా నిద్రపోతుంది,Gadida kooda nidrapothundi,Everyone needs rest,"rest, equality"
పంది ముందు విద్వత్తు,Pandi mundu vidwattu,Wisdom is wasted on those who can’t value it,"wisdom, waste"
పెద్ద నోరు – చిన్న పని,Pedda nooru – chinna pani,"Big talk, small action","talk, hypocrisy"
ఎక్కిన చెట్టు దిగాలి,Ekkina chettu digali,One must face consequences,"consequences, responsibility"
నీళ్లు ఉన్నపుడే బావి విలువ,Neellu unnappude baavi viluva,Value is known only when needed,"value, importance"
తాటి చెట్టుపై తేనె,Taati chettupai thene,Getting good things from unlikely places,"surprise, unexpected"
పాము వెళ్లాక మట్టికొట్టి,Paamu vellaka mattikotti,Acting after damage is done,"regret, delay"
చేపను నీళ్లలో వెతుకుతున్నట్టు,Chepanu neellalo vethukuthunattu,Searching where it’s obvious,"obvious, simple"
గాడిదకి పూలమాల వేసినట్టు,Gadidaki poolamaala vesinattu,Giving respect to someone who doesn’t deserve it,"undeserved, respect"
దొంగ దొంగ అంటాడు,Donga donga antadu,Wrongdoers blame others,"blame, guilt"
చెడికి చెడే తోడు,Cediki cede todu,Evil supports evil,"evil, support, behavior"
గాలి లేకుండా ఆకులు కదవవు,Gaali lekunda aakulu kadavavu,Nothing happens without a reason,"cause, reason"
మూకలో రారాజు,Mookalo raaraju,Leader emerges among a group,"leadership, group"
ఉంచిన చోటు ఉగ్గు,Unchina chotu ugghu,Ignored things cause trouble,"neglect, trouble"
పులి నలుపు పోదు,Puli nalupu podu,Nature doesn’t change,"nature, behavior"
ఆవు ఎక్కడ కట్టినా పేడ అక్కడే,Aavu ekkada kattina peda akkadeye,People behave same everywhere,"nature, habit"
తగ్గిన కుందేలు తాటలో పడదు,Taggina kundelu taatalo padadu,Smart ones avoid danger,"caution, smartness"
చెప్పినట్లు చేసే వారు తక్కువ,Cheppinatlu chese varu takkuva,Few follow advice,"advice, behavior"
నిద్ర లేని ఎద్దు రైతుకి శత్రువు,Nidra leni eddhu rayituki satruvu,Lazy helpers cause harm,"laziness, harm"
చెవుల్లో విన్నది మనసులో నిలుస్తుంది,Chevullo vinnadi manasulo nilustundi,What you hear stays in mind,"learning, memory"
గుంట తవ్వితేనే నీళ్లు,Gunta tavvite neellu,Effort brings results,"effort, reward"
తిన్న గుఱ్ఱం మందు తాగదు,Tinna gurram mandu tagadu,The satisfied won’t crave more,"satisfaction, greed"
నవ్వే వారితోనే నీడ,Navve varitolone needa,Be with people who bring joy,"relationships, joy"
మంచి మాటకు వెండిమూల్యం,Manchi maataku vendi moolyam,Good words are valuable,"kindness, speech"
అదుపు లేని నోరు ప్రమాదం,Adupu leni noru pramadam,Loose talk is dangerous,"caution, speech"
దీపం ఉన్న చోటే చీకటి,Deepam unna chote cheekati,Problems exist even where there’s hope,"reality, balance"
గిన్నె నిండితేనే పొంగుతుంది,Ginne ninditene pongutundi,People show true colors under pressure,"pressure, behavior"
తూటాకు లేని తూటా రాదు,Tootaku leni toota raadu,No effect without a cause,"cause, consequence"
ఒంటరిగా నడిచే వాడే ముందుకు,Ontariga nadiche vaade munduku,Independent people progress,"independence, growth"
కొత్తవాడు రాగానే రొట్టెలు,Kottavadu raganey rottelu,People show off for newcomers,"showoff, behavior"
కేక విన్నా కేక విన్నట్టే,Kek vinna kek vinnatte,Ignoring doesn’t change reality,"ignorance, truth"
నెత్తికెక్కిన వాడు దిగడు,Netti kekkina vaadu digadu,Arrogant people don’t change,"arrogance, ego"
చేతిలో ఉన్న పక్షి మంచిది,Chetillo unna pakshi manchidi,What you have is valuable,"value, possession"
మంచుకొరకు మంచు కరుగదు,Manchukoraku manchu karugadu,Some things don’t change for anyone,"unchangeable, truth"
ఎద్దు ముందు చప్పట్లు,Eddhu mundu chappatlu,Wasted effort,"waste, effort"
పులి పంజా దాని సొంతం,Puli panja dani sontam,Strength belongs to the strong,"strength, ability"
నాయనా అబ్బాయి పెళ్ళి,Naayana abbayi pelli,Big responsibilities need planning,"responsibility, planning"
వాన వచ్చిన తర్వాత గొడుగేంటి,Vana vachinatarvata godugu enti,Late help is useless,"timing, help"
దొంగకి పగ తగదు,Dongaki paga tagadu,Criminals don’t accept blame,"blame, crime"
పెద్దవాడి మాటకు బంగారం విలువ,Peddavadi maataku bangaram viluva,Elder’s advice is precious,"elders, wisdom"
తీగలేలు తీసిన పాము,Teegalelu teesina paamu,Weak enemies look harmless,"danger, deception"
కుండలో ఉన్నంతే బయటకి,Kundalo unnante bayataki,You express what’s inside you,"inner nature, expression"
గాడిదకి పూలదండ,Gadidaki poola danda,Giving value to the unworthy,"unworthy, mismatch"
గోరంత చీకటి గోపురం,Goranta cheekati gopuram,Small problems can seem huge,"exaggeration, fear"
పండు పడి రాలినదే మిఠాయి,Pandu padi raalinade mithayi,Time ripens everything,"patience, time"
నది దాటాక పడవ ముంచడం,Nadi dataaka padava munchadam,Using someone and abandoning them,"betrayal, selfishness"
చీమ జోలపాడినా పాముకి నిద్రపట్టదు,Cheema jolapadina paamuki nidrapattadu,Enemies won’t be convinced easily,"enemies, danger"
పులి పడుకున్నా పులి,Puli padukunna puli,Strong people remain strong,"strength, nature"
ఏడ్చే పిల్లకి పాలే ఎక్కువ,Edche pillaki paale ekkuva,The demanding get more attention,"demand, attention"
గుట్టలో దాచిన గింజ,Guttalo daachina ginja,Hidden truth comes out,"truth, exposure"
మనిషికి మాటే ముఖ్యము,Manishiki maate mukhyam,A person is known by their word,"integrity, honesty"
అద్దానికి అద్దమే కనిపిస్తుంది,Addaniki addame kanipistundi,You see what you reflect,"perception, behavior"
నాటి పొలం నేటి పంట,Naati polam neti pant,Today’s harvest depends on past effort,"effort, result"
పాముకు పాలు పట్టడం,Paamuku paalu pattadam,Doing good to the wrong person,"kindness, wrong person"
తేనె తాగితే కాటు మరిచాడు,Tene tagite kaatu marichadu,Pleasure makes one forget pain,"pleasure, relief"
నీళ్లలో పాలు పోసినట్టే,Neellalo paalu posinatle,Blending without difference,"similarity, blend"
తూలం చూసి మిఠాయి,Thoolam choosi mithayi,Reward based on measure,"fairness, justice"
చెట్టు కోసి నీడలో కూర్చోడం,Chettu kosi needalo koorchodam,Destroying what you depend on,"irony, destruction"
అర్ధం లేని మాట గాలిలో కలిసిపోతుంది,Ardham leni maata gaalilo kalisipotundi,Meaningless words vanish,"meaningless, speech"
అన్నం దొరికితే పులి కూడా పులుసు తాగుతుంది,Annam dorikite puli kuda pulusu tagutundi,Even the strong compromise when needed,"compromise, survival"
అంగుళం వదిలితే అడుగు దూరం వెళ్తుంది,Angulam vadilite adugu dooram veltundi,Small negligence leads to big loss,"negligence, consequence"
అప్పు తీసుకున్నవాడు బానిస,Appu teesukunnavadu baanisa,A borrower becomes a servant,"debt, dependence"
అతి తిండి కడుపునొప్పి,Ati tindi kadupu noppi,Excess leads to problems,"excess, caution"
ఆవు ముందు బహిరంగం,Aavu mundu bahrangam,Showing off to the wrong audience,"mismatch, humor"
ఆలోచించి చేసినదే మంచి పని,Aalochinchi chesinade manchi pani,Thoughtful actions are best,"thought, wisdom"
ఒకే తాటి చెట్టు ఎప్పుడూ నీడ ఇవ్వదు,Oke taati chettu eppudu needa ivvadu,Dependence on one source is risky,"dependence, risk"
ఊరూరా ప్రయాణం మంచిదే,Uruura prayanam manchide,Travel broadens knowledge,"travel, knowledge"
ఎండలో నిల్చున్నా బంగారం మెరిసిందే,Endalo nilchunna bangaaram merisinde,Value remains value anywhere,"value, truth"
ఎవరు పడితే వాళ్లు రాయి వేస్తారు,Evaru padite vaallu raayi vestaru,People easily criticize,"criticism, society"
ఎలుక గింజ దొరికితే పండుగ,Eluka ginja dorikite panduga,Small gains bring big joy,"joy, small wins"
ఏలిన వాడు ఏలుతాడు,Aelina vaadu aelutadu,The capable will rule,"ability, leadership"
ఒంటెకి రెప్ప బరువు,Onteki reppa baruvu,Very easy burden,"ease, simplicity"
కంచె దాటితే కుక్క కూడా కొడుతుంది,Kanche datite kukka kuda kodutundi,Crossing limits invites trouble,"limits, danger"
కన్ను ఉన్నవాడికి మెలకువ అవసరం లేదు,Kanu unnavaadiki melakuva avasaram ledu,Wise people don’t need warnings,"wisdom, awareness"
కనుక్కున్నవాడు దేవుడు,Kanukkunnavaadu devudu,The one who finds (solutions) is great,"solutions, intelligence"
కత్తి మీద సాము,Katti meeda saamu,A risky situation,"risk, danger"
కష్టం లేక బంగారం లేదు,Kashtam leka bangaram ledu,"No pain, no gain","effort, reward"
కాగితపు పులి,Kaagitapu puli,Someone who looks strong but isn’t,"fake strength, deception"
కొంచెం మాట్లాడితే మంచిది,Konchem maatladite manchidi,Speaking less is wise,"speech, wisdom"
కోడి కూయకపోయినా పగలే,Kodi kuuyakapoyina pagale,Some things happen regardless,inevitability
ఖాళీ చేతులవాడికి మాటే ఎక్కువ,Khaali chetulavaadiki maate ekkuva,Empty-handed people talk more,"talk, behavior"
గాడిదకి చందమామ కథలు,Gadidaki chandamama kathalu,Useless explanation to the wrong person,"mismatch, humor"
గాలి వచ్చినా దీపం ఆరదే,Gaali vachina deepam aarade,Strong things withstand challenges,"strength, resilience"
గంట మోగినా దేవుడు కదలడు,Ganta mogina devudu kadaladu,Noise doesn’t change truth,"truth, noise"
చీమల దండు వస్తే పిండి బస్తా ఖాళీ,Cheemala dandaa vaste pindi basta khaali,Small issues together become big,"accumulation, problem"
చేతికందిన పని వెంటనే చేయాలి,Chetikandina pani ventane cheyaali,Do what’s in hand immediately,"discipline, action"
జింక అడవిలోనే బాగుంటుంది,Jinka adavilo ne baguntundi,One thrives in the right place,"environment, suitability"
టోపీ పెట్టేవాడు ముందు చూస్తాడు,Topi pettevaadu mundu choostadu,Deceivers plan ahead,"deception, cunning"
అతి మితి తేడా,Ati miti teda,Too much or too little is harmful,"balance, caution"
రాయికి రాయి తగిలితేనే మిణుగురు,Rayiki raayi tagiliteney minuguru,Sparks fly only when stones strike,"effort, action"
చిన్న పురుగు పెద్ద రంధ్రం చేస్తుంది,Chinna purugu pedda randhram chestundi,Small issues can cause big damage,"small cause, big effect"
కొడుకు ఉన్నా కోడలే ఇంటి వెలుగు,Koduku unna kodale inti velugu,Daughters-in-law bring warmth to home,"family, respect"
విత్తనమే పంట అవుతుంది,Vittaname pantavutundi,What you sow is what you reap,"karma, consequence"
"అప్పు గొడ్డలి, వడ్డీ గొంతుక","Appu goddali, vaddi gontuka","Debt is an axe, interest is a noose","debt, caution"